fold,AUC,ACC
1,1.0,0.6666666666666666
2,1.0,1.0
3,1.0,0.6666666666666666
4,1.0,1.0
5,1.0,0.6666666666666666
